isolate_no,RamA,RamR,PBP_any,PBP2,PBP4,OmpK36_c25t,OmpK36_truncation_kleborate,OmpK36_putative_function_altering,OmpK36_L3_mutations,OmpK36GD,OmpK36TD,OmpK36_promoter_IS,OmpK36_disruptive,AA552,AA018
PCMP_H401,0,0,0,0,0,1,0,0,1,1,0,0,0,0,1
PCMP_H426,0,0,0,0,0,1,0,0,1,1,0,0,0,0,1
PCMP_H408,0,0,0,0,0,1,0,0,1,1,0,0,0,0,1
PCMP_H254,0,0,0,0,0,1,0,0,1,1,0,0,0,0,1
PCMP_H335,0,0,0,0,0,1,0,0,1,1,0,0,0,0,1
PCMP_H193,0,0,0,0,0,1,0,0,1,1,0,0,0,0,1
PCMP_H345,0,0,0,0,0,1,0,0,1,1,0,0,0,0,1
PCMP_H215,0,0,0,0,0,1,0,0,1,1,0,0,0,0,1
PCMP_H170,0,0,0,0,0,1,0,0,1,1,0,0,0,0,1
PCMP_H313,0,0,0,0,0,1,0,0,1,1,0,0,0,0,1
PCMP_H187,0,0,0,0,0,1,0,0,1,1,0,0,0,0,1
PCMP_H69,0,0,0,0,0,1,0,0,1,1,0,0,0,0,1
PCMP_H107,0,0,0,0,0,1,0,0,1,1,0,0,0,0,1
PCMP_H148,0,0,0,0,0,1,0,0,1,1,0,0,0,0,1
PCMP_H8,0,0,0,0,0,1,0,0,1,1,0,0,0,0,1
PCMP_H181,0,0,0,0,0,1,0,0,1,1,0,0,0,0,1
PCMP_H220,0,0,0,0,0,1,0,0,1,1,0,0,0,0,1
PCMP_H150,0,0,0,0,0,1,0,0,1,1,0,0,0,0,1
PCMP_H96,0,0,0,0,0,1,0,0,1,1,0,0,0,0,1
PCMP_H224,0,1,0,0,0,1,0,0,0,0,0,0,0,0,1
PCMP_H462,0,0,0,0,0,1,0,0,0,0,0,0,0,0,1
PCMP_H386,0,0,0,0,0,1,0,0,0,0,0,0,0,0,1
PCMP_H137,0,0,0,0,0,1,0,0,1,1,0,0,0,0,1
PCMP_H479,0,0,0,0,0,1,0,0,1,1,0,0,0,0,1
PCMP_H162,0,0,0,0,0,1,0,0,1,1,0,0,0,0,1
PCMP_H23,0,0,0,0,0,1,0,0,1,1,0,0,0,0,1
PCMP_H111,0,0,0,0,0,1,0,0,1,1,0,0,0,0,1
PCMP_H255,0,0,0,0,0,1,0,0,1,1,0,0,0,0,1
PCMP_H303,0,0,0,0,0,1,0,0,1,1,0,0,0,0,1
PCMP_H305,0,0,0,0,0,1,0,0,1,1,0,0,0,0,1
PCMP_H360,0,0,0,0,0,1,0,0,1,1,0,0,0,0,1
PCMP_H396,0,0,0,0,0,1,0,0,1,1,0,0,0,0,1
PCMP_H87,0,0,0,0,0,1,0,0,1,1,0,0,0,0,1
PCMP_H318,0,0,0,0,0,1,0,0,1,1,0,0,0,0,1
PCMP_H390,0,0,0,0,0,1,0,0,1,1,0,0,0,0,1
PCMP_H446,0,0,0,0,0,1,0,0,1,1,0,0,0,0,1
PCMP_H415,0,0,0,0,0,1,0,0,1,1,0,0,0,0,0
PCMP_H414,0,1,0,0,0,1,0,0,0,0,0,0,0,0,1
PCMP_H429,0,1,0,0,0,1,0,0,0,0,0,0,0,0,1
PCMP_H450,0,0,0,0,0,1,0,0,0,0,0,0,0,0,0
PCMP_H467,0,0,0,0,0,1,0,0,0,0,0,0,0,0,1
PCMP_H428,0,0,0,0,0,1,0,0,0,0,0,0,0,0,1
PCMP_H74,0,0,1,1,0,1,0,0,1,1,0,0,0,0,1
PCMP_H125,0,0,0,0,0,1,0,0,1,1,0,0,0,0,1
PCMP_H447,0,0,0,0,0,1,0,0,1,1,0,0,0,1,0
PCMP_H459,0,0,0,0,0,1,0,0,1,1,0,0,0,1,0
PCMP_H32,0,0,0,0,0,1,0,0,1,1,0,0,0,0,1
PCMP_H285,0,0,0,0,0,1,0,0,1,1,0,0,0,0,1
PCMP_H149,0,0,0,0,0,1,0,0,1,1,0,0,0,0,1
PCMP_H78,0,0,0,0,0,1,0,0,1,1,0,0,0,0,1
PCMP_H88,0,0,0,0,0,1,0,0,1,1,0,0,0,0,1
PCMP_H231,0,0,0,0,0,1,0,0,1,1,0,0,0,1,0
PCMP_H84,0,0,0,0,0,1,0,0,1,1,0,0,0,1,0
PCMP_H173,0,0,0,0,0,1,0,0,1,1,0,0,0,1,0
PCMP_H469,0,0,0,0,0,1,0,0,1,1,0,0,0,0,1
PCMP_H112,0,0,0,0,0,1,0,0,1,1,0,0,0,0,1
PCMP_H291,0,0,0,0,0,1,0,0,1,1,0,0,0,0,1
PCMP_H157,0,0,0,0,0,1,0,0,1,1,0,0,0,0,1
PCMP_H172,0,0,0,0,0,1,0,0,1,1,0,0,0,0,1
PCMP_H201,0,0,0,0,0,1,0,0,1,1,0,0,0,0,1
PCMP_H225,0,0,0,0,0,1,0,0,1,1,0,0,0,0,1
PCMP_H174,0,1,0,0,0,1,0,0,1,1,0,0,0,0,1
PCMP_H191,0,1,0,0,0,1,0,0,1,1,0,0,0,0,1
PCMP_H208,0,1,0,0,0,1,0,0,1,1,0,0,0,0,1
PCMP_H158,0,0,0,0,0,1,0,0,1,1,0,0,0,0,1
PCMP_H350,0,0,0,0,0,1,0,0,1,1,0,0,0,0,1
PCMP_H372,0,0,0,0,0,1,0,0,1,1,0,0,0,0,1
PCMP_H464,0,0,0,0,0,1,0,0,1,1,0,0,0,0,1
PCMP_H261,0,0,0,0,0,1,0,0,0,0,0,0,0,0,1
PCMP_H276,0,0,0,0,0,1,0,0,1,1,0,0,0,0,1
PCMP_H412,0,0,0,0,0,1,0,0,1,1,0,0,0,0,1
PCMP_H166,0,0,0,0,0,1,0,0,1,1,0,0,0,0,1
PCMP_H377,0,0,0,0,0,1,0,0,1,1,0,0,0,0,1
PCMP_H196,0,0,0,0,0,1,0,0,1,1,0,0,0,1,0
PCMP_H320,0,0,0,0,0,1,0,0,1,1,0,0,0,1,0
PCMP_H359,0,0,0,0,0,1,0,0,1,1,0,0,0,1,0
PCMP_H444,0,0,0,0,0,1,0,0,1,1,0,0,0,1,0
PCMP_H253,0,0,0,0,0,1,0,0,1,1,0,0,0,1,0
PCMP_H292,1,1,0,0,0,1,0,0,1,1,0,0,0,1,0
PCMP_H413,1,1,0,0,0,1,0,0,1,1,0,0,0,1,0
PCMP_H30,0,0,0,0,0,1,0,0,1,1,0,0,0,1,0
PCMP_H307,0,0,0,0,0,1,0,0,1,1,0,0,0,1,0
PCMP_H301,0,0,0,0,0,1,0,0,1,1,0,0,0,1,0
PCMP_H104,0,0,0,0,0,1,0,0,1,1,0,0,0,0,1
PCMP_H155,0,0,0,0,0,1,0,0,1,1,0,0,0,0,1
PCMP_H269,0,1,0,0,0,1,0,0,1,1,0,0,0,0,1
PCMP_H391,0,1,0,0,0,1,0,0,0,0,0,0,0,0,1
PCMP_H161,0,0,0,0,0,1,0,0,1,1,0,0,0,0,1
PCMP_H195,0,0,0,0,0,1,0,0,1,1,0,0,0,0,1
PCMP_H271,0,0,0,0,0,1,0,0,1,1,0,0,0,0,1
PCMP_H230,0,0,0,0,0,1,0,0,1,1,0,0,0,0,1
PCMP_H270,0,0,0,0,0,1,0,0,1,1,0,0,0,0,1
PCMP_H323,0,0,0,0,0,1,0,0,1,1,0,0,0,0,1
PCMP_H232,0,0,0,0,0,1,0,0,1,1,0,0,0,0,1
PCMP_H353,0,0,0,0,0,1,0,0,1,1,0,0,0,0,1
PCMP_H442,0,0,0,0,0,1,0,0,1,1,0,0,0,0,1
PCMP_H93,0,0,0,0,0,1,0,0,1,1,0,0,0,0,0
PCMP_H138,0,0,0,0,0,1,0,0,1,1,0,0,0,0,1
PCMP_H281,0,0,0,0,0,1,0,0,1,1,0,0,0,0,1
PCMP_H15,0,0,0,0,0,1,0,0,1,1,0,0,0,0,1
PCMP_H140,0,0,0,0,0,1,0,0,1,1,0,0,0,0,1
PCMP_H282,0,0,0,0,0,1,0,0,1,1,0,0,0,1,0
PCMP_H308,0,0,0,0,0,1,0,0,1,1,0,0,0,1,0
PCMP_H293,0,0,0,0,0,1,0,0,1,1,0,0,0,1,0
PCMP_H349,0,0,0,0,0,1,0,0,1,1,0,0,0,1,0
PCMP_H416,0,0,0,0,0,1,0,0,1,1,0,0,0,1,0
PCMP_H407,0,0,0,0,0,1,0,0,1,1,0,0,0,1,0
PCMP_H37,0,0,0,0,0,1,0,0,1,1,0,0,0,1,0
PCMP_H73,0,0,0,0,0,1,0,0,1,1,0,0,0,1,0
PCMP_H97,0,0,0,0,0,1,0,0,1,1,0,0,0,1,0
PCMP_H152,0,0,0,0,0,1,0,0,1,1,0,0,0,0,1
PCMP_H153,0,0,0,0,0,1,0,0,1,1,0,0,0,0,1
PCMP_H207,0,0,0,0,0,1,0,0,1,1,0,0,0,0,1
PCMP_H430,0,0,0,0,0,1,0,0,1,1,0,0,0,0,1
PCMP_H287,0,0,0,0,0,1,0,0,1,1,0,0,0,0,1
PCMP_H342,0,0,0,0,0,1,0,0,1,1,0,0,0,0,1
PCMP_H223,1,1,0,0,0,1,0,0,1,1,0,0,0,0,1
PCMP_H5,0,0,0,0,0,1,0,0,1,1,0,0,0,0,1
PCMP_H250,0,0,0,0,0,1,0,0,1,1,0,0,0,0,1
PCMP_H95,0,0,0,0,0,1,0,0,1,1,0,0,0,0,1
PCMP_H297,0,0,0,0,0,1,0,0,1,1,0,0,0,0,1
PCMP_H100,0,0,0,0,0,1,0,0,1,1,0,0,0,0,1
PCMP_H98,0,0,0,0,0,1,0,0,1,1,0,0,0,0,1
PCMP_H123,0,0,0,0,0,1,0,0,1,1,0,0,0,0,1
PCMP_H141,0,0,0,0,0,1,0,0,1,1,0,0,0,0,1
PCMP_H376,0,0,0,0,0,1,0,0,1,1,0,0,0,0,1
PCMP_H392,0,0,0,0,0,1,0,0,1,1,0,0,0,0,1
PCMP_H384,0,0,0,0,0,1,0,0,1,1,0,0,0,0,1
PCMP_H142,0,0,0,0,0,1,0,0,1,1,0,0,0,0,0
PCMP_H118,0,0,1,1,1,0,0,1,1,0,1,0,1,0,0
PCMP_H14,0,0,0,0,0,0,0,1,1,0,1,0,1,0,0
PCMP_H81,0,0,0,0,0,0,0,1,1,0,1,0,1,0,0
PCMP_H151,0,0,0,0,0,0,0,1,1,0,1,0,1,0,0
PCMP_H212,0,0,0,0,0,0,0,1,1,0,1,0,1,0,0
PCMP_H167,0,0,0,0,0,0,0,0,0,0,0,0,0,0,0
PCMP_H19,0,0,0,0,0,0,0,0,0,0,0,0,0,0,0
PCMP_H365,0,0,0,0,0,0,1,1,0,0,0,0,1,0,0
PCMP_H168,0,0,0,0,0,0,0,1,0,0,0,0,1,0,0
PCMP_H242,1,0,1,0,1,0,0,1,0,0,0,0,1,0,0
PCMP_H367,0,0,0,0,0,0,0,1,0,0,0,0,1,0,0
PCMP_H52,0,0,0,0,0,0,0,1,0,0,0,0,1,0,0
PCMP_H18,0,0,0,0,0,0,0,1,0,0,0,0,1,0,0
PCMP_H21,0,0,0,0,0,0,0,1,0,0,0,0,1,0,0
PCMP_H246,0,0,0,0,0,0,0,1,0,0,0,1,1,0,0
PCMP_H56,0,0,0,0,0,0,0,0,0,0,0,0,0,0,1
PCMP_H10,0,0,0,0,0,0,0,0,0,0,0,0,0,0,0
PCMP_H61,0,0,0,0,0,0,0,0,0,0,0,0,0,0,0
PCMP_H49,0,0,0,0,0,0,0,0,0,0,0,0,0,0,0
PCMP_H59,0,0,0,0,0,0,0,0,0,0,0,0,0,0,0
PCMP_H156,0,0,0,0,0,0,0,0,0,0,0,0,0,0,0
PCMP_H103,0,0,0,0,0,0,0,0,0,0,0,0,0,0,0
PCMP_H337,0,0,0,0,0,0,0,0,0,0,0,0,0,0,0
PCMP_H77,0,0,0,0,0,0,0,0,0,0,0,0,0,0,0
PCMP_H68,0,0,0,0,0,0,1,1,0,0,0,0,1,0,0
PCMP_H249,0,0,0,0,0,0,0,0,0,0,0,0,0,0,0
PCMP_H296,0,0,0,0,0,0,0,0,0,0,0,0,0,0,0
PCMP_H314,0,1,0,0,0,0,0,0,0,0,0,0,0,0,0
PCMP_H116,0,0,0,0,0,0,0,0,0,0,0,0,0,0,0
PCMP_H211,0,0,0,0,0,0,0,0,0,0,0,1,0,0,0
PCMP_H262,0,0,0,0,0,0,0,0,0,0,0,0,0,0,0
PCMP_H147,0,0,0,0,0,0,0,0,0,0,0,0,0,0,0
PCMP_H234,0,0,0,0,0,0,0,0,0,0,0,0,0,0,0
PCMP_H143,0,0,0,0,0,0,0,0,0,0,0,0,0,0,0
PCMP_H383,0,0,0,0,0,0,0,0,0,0,0,0,0,0,0
PCMP_H171,0,0,1,1,0,0,0,0,0,0,0,0,0,0,0
PCMP_H40,0,0,1,1,0,0,0,0,0,0,0,1,0,0,0
PCMP_H71,0,0,1,1,0,0,1,1,0,0,0,0,1,0,0
PCMP_H9,0,0,1,1,0,0,0,0,0,0,0,0,0,0,0
PCMP_H400,0,0,0,0,0,0,0,0,0,0,0,0,0,0,0
PCMP_H423,0,0,0,0,0,0,0,0,0,0,0,0,0,0,0
PCMP_H453,0,0,0,0,0,0,0,0,0,0,0,0,0,0,0
PCMP_H258,0,0,0,0,0,0,0,0,0,0,0,0,0,0,0
PCMP_H361,0,0,0,0,0,0,0,0,0,0,0,0,0,0,0
PCMP_H440,0,0,0,0,0,0,0,0,0,0,0,0,0,0,0
PCMP_H144,0,0,0,0,0,0,0,0,0,0,0,0,0,0,0
PCMP_H60,0,0,0,0,0,0,0,0,0,0,0,0,0,0,0
PCMP_H91,0,0,0,0,0,0,0,0,0,0,0,0,0,0,0
PCMP_H1,0,0,0,0,0,0,0,0,0,0,0,0,0,0,0
PCMP_H106,0,1,0,0,0,0,0,0,0,0,0,0,0,0,0
PCMP_H131,0,0,0,0,0,0,0,0,0,0,0,1,0,0,0
PCMP_H154,0,0,0,0,0,0,0,0,0,0,0,0,0,0,0
PCMP_H13,0,0,0,0,0,0,0,0,0,0,0,0,0,0,0
PCMP_H306,0,0,0,0,0,0,0,0,0,0,0,0,0,0,0
PCMP_H455,0,0,0,0,0,0,0,0,0,0,0,1,0,0,0
PCMP_H160,0,0,0,0,0,0,0,0,0,0,0,0,0,0,0
PCMP_H192,0,0,0,0,0,0,0,0,0,0,0,0,0,0,0
PCMP_H198,0,0,0,0,0,0,0,0,0,0,0,0,0,0,0
PCMP_H205,0,0,0,0,0,0,0,0,0,0,0,0,0,0,0
PCMP_H218,0,0,0,0,0,0,0,0,0,0,0,0,0,0,0
PCMP_H229,0,0,0,0,0,0,0,0,0,0,0,0,0,0,0
PCMP_H236,0,0,0,0,0,0,0,0,0,0,0,0,0,0,0
PCMP_H238,0,0,0,0,0,0,0,0,0,0,0,1,0,0,0
PCMP_H109,0,0,0,0,0,0,0,0,0,0,0,0,0,0,0
PCMP_H36,0,0,0,0,0,0,0,0,0,0,0,0,0,0,0
PCMP_H420,0,0,0,0,0,0,0,0,0,0,0,0,0,0,0
PCMP_H454,0,0,0,0,0,0,0,0,0,0,0,0,0,0,0
PCMP_H465,0,0,0,0,0,0,0,0,0,0,0,0,0,0,0
PCMP_H316,0,0,0,0,0,0,0,0,0,0,0,0,0,0,0
PCMP_H26,0,0,0,0,0,0,0,0,0,0,0,0,0,0,0
PCMP_H120,0,0,0,0,0,0,0,0,0,0,0,0,0,0,0
PCMP_H399,0,0,0,0,0,0,0,0,0,0,0,0,0,0,0
PCMP_H448,0,0,0,0,0,0,0,0,0,0,0,0,0,0,0
PCMP_H34,0,1,0,0,0,0,0,0,0,0,0,0,0,0,0
PCMP_H133,0,0,0,0,0,0,0,0,0,0,0,0,0,0,0
PCMP_H388,0,0,0,0,0,0,0,0,0,0,0,0,0,0,0
PCMP_H186,0,0,0,0,0,0,0,0,0,0,0,0,0,0,0
PCMP_H221,0,0,0,0,0,0,0,0,0,0,0,0,0,0,0
PCMP_H257,0,0,0,0,0,0,0,0,0,0,0,0,0,0,0
PCMP_H265,0,0,0,0,0,0,0,0,0,0,0,0,0,0,0
PCMP_H456,0,0,0,0,0,0,0,0,0,0,0,0,0,0,0
PCMP_H315,0,0,0,0,0,0,0,0,0,0,0,0,0,0,0
PCMP_H347,0,0,0,0,0,0,0,0,0,0,0,0,0,0,0
PCMP_H477,0,1,0,0,0,0,0,0,0,0,0,0,0,0,0
PCMP_H146,0,0,0,0,0,0,0,0,0,0,0,0,0,0,0
PCMP_H175,0,0,0,0,0,0,0,0,0,0,0,0,0,0,0
PCMP_H222,0,0,0,0,0,0,0,0,0,0,0,0,0,0,0
PCMP_H252,0,0,0,0,0,0,0,0,0,0,0,0,0,0,0
PCMP_H38,0,0,0,0,0,0,0,0,0,0,0,0,0,0,0
PCMP_H356,0,0,0,0,0,0,0,0,0,0,0,0,0,0,0
PCMP_H422,0,0,0,0,0,0,0,0,0,0,0,0,0,1,0
PCMP_H436,0,0,0,0,0,0,0,0,0,0,0,0,0,0,0
PCMP_H434,0,0,0,0,0,0,0,0,0,0,0,0,0,1,0
PCMP_H184,0,0,0,0,0,0,0,0,0,0,0,0,0,0,0
PCMP_H475,0,0,0,0,0,0,0,0,0,0,0,0,0,0,0
PCMP_H256,0,1,0,0,0,0,0,0,0,0,0,0,0,0,0
PCMP_H443,0,0,0,0,0,0,0,0,0,0,0,0,0,0,0
PCMP_H7,0,0,0,0,0,0,0,0,0,0,0,0,0,0,0
PCMP_H330,0,0,0,0,0,0,0,0,0,0,0,0,0,0,0
PCMP_H357,0,0,0,0,0,0,0,0,0,0,0,0,0,0,0
PCMP_H266,0,0,0,0,0,0,0,0,0,0,0,0,0,0,0
PCMP_H348,0,0,0,0,0,0,0,0,0,0,0,0,0,0,0
PCMP_H378,0,0,0,0,0,0,0,0,0,0,0,0,0,0,0
PCMP_H432,0,0,0,0,0,0,0,0,0,0,0,0,0,0,0
PCMP_H425,0,0,0,0,0,0,0,0,0,0,0,0,0,0,0
PCMP_H410,0,0,0,0,0,0,0,0,0,0,0,0,0,0,0
PCMP_H375,0,0,0,0,0,0,0,0,0,0,0,0,0,0,0
PCMP_H274,0,0,0,0,0,0,0,0,0,0,0,0,0,0,0
PCMP_H122,0,0,0,0,0,1,0,0,0,0,0,0,0,0,0
PCMP_H394,0,0,0,0,0,0,0,0,0,0,0,0,0,0,0
PCMP_H210,0,0,0,0,0,0,0,0,0,0,0,0,0,0,0
PCMP_H43,0,1,0,0,0,0,0,0,0,0,0,0,0,0,0
PCMP_H405,0,0,0,0,0,0,0,0,0,0,0,0,0,0,0
PCMP_H433,0,0,0,0,0,0,0,0,0,0,0,0,0,0,0
PCMP_H163,1,1,0,0,0,0,0,0,0,0,0,0,0,0,0
PCMP_H289,1,1,0,0,0,0,0,0,0,0,0,0,0,0,0
PCMP_H362,1,1,0,0,0,0,0,0,0,0,0,0,0,0,0
PCMP_H424,1,1,0,0,0,0,0,0,0,0,0,0,0,0,0
PCMP_H398,1,1,1,1,0,0,1,1,0,0,0,0,1,0,0
PCMP_H431,1,1,1,1,0,1,0,1,0,0,0,0,1,0,0
PCMP_H134,0,0,0,0,0,0,0,0,0,0,0,0,0,0,0
PCMP_H471,0,0,0,0,0,0,0,0,0,0,0,0,0,0,0
PCMP_H326,0,0,0,0,0,0,0,0,0,0,0,0,0,0,0
PCMP_H130,0,0,0,0,0,0,0,0,0,0,0,0,0,0,0
PCMP_H54,0,0,0,0,0,0,0,0,0,0,0,0,0,0,0
PCMP_H241,0,0,0,0,0,0,0,0,0,0,0,0,0,0,0
PCMP_H370,0,0,0,0,0,0,0,0,0,0,0,0,0,0,0
PCMP_H101,0,0,0,0,0,0,0,0,0,0,0,0,0,0,0
PCMP_H194,0,0,0,0,0,0,0,0,0,0,0,0,0,0,0
PCMP_H233,0,0,0,0,0,0,0,0,0,0,0,0,0,0,0
PCMP_H239,0,0,0,0,0,0,0,0,0,0,0,0,0,0,0
PCMP_H247,0,0,0,0,0,0,0,0,0,0,0,0,0,0,0
PCMP_H406,0,0,0,0,0,0,0,0,0,0,0,0,0,0,0
PCMP_H226,0,0,0,0,0,0,0,0,0,0,0,0,0,0,0
PCMP_H466,0,0,0,0,0,0,1,1,0,0,0,0,1,0,0
PCMP_H339,0,0,0,0,0,0,0,0,0,0,0,0,0,0,0
PCMP_H16,0,0,0,0,0,0,0,0,0,0,0,0,0,0,0
PCMP_H115,0,0,0,0,0,0,0,0,0,0,0,0,0,0,0
PCMP_H132,0,0,0,0,0,0,0,0,0,0,0,0,0,0,0
PCMP_H65,0,0,0,0,0,0,0,0,0,0,0,0,0,0,0
PCMP_H46,0,0,0,0,0,0,0,0,0,0,0,0,0,0,0
PCMP_H76,0,0,0,0,0,0,0,0,0,0,0,0,0,0,0
PCMP_H117,0,0,0,0,0,0,0,0,0,0,0,0,0,0,0
PCMP_H227,0,0,0,0,0,0,0,0,0,0,0,0,0,0,0
PCMP_H322,0,0,0,0,0,0,0,0,0,0,0,0,0,0,0
PCMP_H427,0,0,0,0,0,0,0,0,0,0,0,0,0,0,0
PCMP_H379,0,0,0,0,0,0,0,0,0,0,0,0,0,0,0
PCMP_H75,0,0,0,0,0,0,0,0,0,0,0,0,0,0,0
PCMP_H460,0,0,0,0,0,0,0,0,0,0,0,0,0,0,0
PCMP_H85,0,0,0,0,0,0,0,0,0,0,0,0,0,0,0
PCMP_H177,0,0,0,0,0,0,0,0,0,0,0,0,0,0,0
PCMP_H461,0,0,0,0,0,0,0,0,0,0,0,0,0,0,0
PCMP_H31,0,0,0,0,0,0,0,0,0,0,0,0,0,0,0
PCMP_H219,0,0,0,0,0,0,0,0,0,0,0,0,0,0,0
PCMP_H311,0,0,0,0,0,0,0,0,0,0,0,0,0,0,0
PCMP_H312,0,0,0,0,0,0,0,0,0,0,0,0,0,0,0
PCMP_H119,0,0,0,0,0,0,0,0,0,0,0,0,0,0,0
PCMP_H165,0,0,0,0,0,0,0,0,0,0,0,0,0,0,0
PCMP_H183,0,0,0,0,0,0,0,0,0,0,0,0,0,0,0
PCMP_H295,0,0,0,0,0,0,0,0,0,0,0,0,0,0,0
PCMP_H213,0,0,0,0,0,0,0,0,0,0,0,0,0,0,0
PCMP_H387,0,0,0,0,0,0,0,0,0,0,0,0,0,0,0
PCMP_H286,0,0,0,0,0,0,0,0,0,0,0,0,0,0,0
PCMP_H478,0,0,0,0,0,0,0,0,0,0,0,1,0,0,0
PCMP_H325,0,0,0,0,0,0,0,0,0,0,0,0,0,0,0
PCMP_H411,0,0,0,0,0,0,1,1,0,0,0,0,1,0,0
PCMP_H385,0,0,0,0,0,0,0,0,0,0,0,0,0,0,0
PCMP_H328,0,0,0,0,0,0,0,0,0,0,0,0,0,0,0
PCMP_H381,0,0,0,0,0,0,0,0,0,0,0,0,0,0,0
PCMP_H441,0,0,0,0,0,0,0,0,0,0,0,0,0,0,0
PCMP_H373,0,0,0,0,0,0,0,0,0,0,0,0,0,0,0
PCMP_H402,0,0,0,0,0,0,0,0,0,0,0,0,0,0,0
PCMP_H374,0,0,0,0,0,0,0,0,0,0,0,0,0,0,0
PCMP_H251,0,0,0,0,0,0,0,0,0,0,0,0,0,0,0
PCMP_H409,0,0,0,0,0,0,0,0,0,0,0,0,0,0,0
PCMP_H94,0,0,0,0,0,0,0,0,0,0,0,0,0,0,0
PCMP_H17,0,0,0,0,0,0,0,0,0,0,0,0,0,0,0
PCMP_H66,0,0,0,0,0,0,0,0,0,0,0,1,0,0,0
PCMP_H169,0,0,0,0,0,0,0,0,0,0,0,0,0,0,0
PCMP_H121,0,1,0,0,0,0,0,0,0,0,0,0,0,0,0
PCMP_H264,0,0,0,0,0,0,0,0,0,0,0,0,0,0,0
PCMP_H33,0,0,0,0,0,0,0,0,0,0,0,0,0,0,0
PCMP_H72,0,0,0,0,0,0,0,0,0,0,0,0,0,0,0
PCMP_H22,0,0,0,0,0,0,0,0,0,0,0,0,0,0,0
PCMP_H482,0,0,0,0,0,0,0,0,0,0,0,0,0,0,0
PCMP_H124,0,0,0,0,0,0,0,0,0,0,0,0,0,0,0
PCMP_H39,0,0,0,0,0,0,0,0,0,0,0,0,0,0,0
PCMP_H27,0,0,0,0,0,0,0,0,0,0,0,0,0,0,0
PCMP_H331,0,0,0,0,0,0,0,0,0,0,0,0,0,0,0
PCMP_H404,0,0,0,0,0,0,0,0,0,0,0,0,0,0,0
PCMP_H275,0,0,0,0,0,0,0,0,0,0,0,0,0,0,0
PCMP_H382,0,0,0,0,0,0,0,0,0,0,0,0,0,0,0
PCMP_H4,0,0,0,0,0,0,0,0,0,0,0,0,0,0,0
PCMP_H300,0,0,0,0,0,0,0,0,0,0,0,0,0,0,0
PCMP_H12,0,1,0,0,0,0,0,0,0,0,0,0,0,0,0
PCMP_H136,0,0,0,0,0,0,0,0,0,0,0,0,0,0,0
PCMP_H79,0,0,0,0,0,0,0,0,0,0,0,0,0,0,0
PCMP_H278,0,0,0,0,0,0,0,0,0,0,0,0,0,0,0
PCMP_H48,0,0,0,0,0,0,0,0,0,0,0,0,0,0,0
PCMP_H380,0,0,0,0,0,0,0,0,0,0,0,0,0,0,0
PCMP_H418,0,0,0,0,0,0,0,0,0,0,0,0,0,0,0
PCMP_H445,0,0,0,0,0,0,0,0,0,0,0,0,0,0,0
PCMP_H481,0,0,0,0,0,0,0,0,0,0,0,0,0,0,0
PCMP_H417,0,0,0,0,0,0,0,0,0,0,0,0,0,0,0
PCMP_H70,0,0,0,0,0,0,0,0,0,0,0,0,0,0,0
PCMP_H395,0,0,0,0,0,0,0,0,0,0,0,0,0,0,0
PCMP_H3,0,0,0,0,0,0,1,0,0,0,0,0,1,0,0
PCMP_H206,0,0,0,0,0,0,0,0,0,0,0,0,0,0,0
PCMP_H259,0,0,0,0,0,0,0,0,0,0,0,0,0,0,0
PCMP_H346,0,0,0,0,0,0,0,0,0,0,0,0,0,0,0
PCMP_H470,0,0,0,0,0,0,0,0,0,0,0,0,0,0,0
PCMP_H82,0,0,0,0,0,0,0,0,0,0,0,0,0,0,0
PCMP_H90,0,0,0,0,0,0,0,0,0,0,0,0,0,0,0
PCMP_H145,0,0,0,0,0,0,0,0,0,0,0,0,0,0,0
PCMP_H44,0,0,0,0,0,0,0,0,0,0,0,0,0,0,0
PCMP_H317,0,1,0,0,0,0,0,0,0,0,0,0,0,0,0
PCMP_H273,0,0,0,0,0,0,0,0,0,0,0,0,0,0,0
PCMP_H159,0,0,0,0,0,0,0,0,0,0,0,0,0,0,0
PCMP_H480,0,0,0,0,0,0,0,0,0,0,0,0,0,0,0
PCMP_H105,0,0,0,0,0,0,0,0,0,0,0,0,0,0,0
PCMP_H199,0,0,0,0,0,0,0,0,0,0,0,0,0,0,0
PCMP_H200,0,0,0,0,0,0,0,0,0,0,0,0,0,0,0
PCMP_H457,0,0,0,0,0,0,0,0,0,0,0,0,0,0,0
PCMP_H110,0,0,0,0,0,0,0,0,0,0,0,0,0,0,0
PCMP_H343,0,0,0,0,0,0,0,0,0,0,0,0,0,0,0
PCMP_H437,0,0,0,0,0,0,0,0,0,0,0,0,0,0,0
PCMP_H178,0,0,0,0,0,0,0,0,0,0,0,0,0,0,0
PCMP_H309,0,0,0,0,0,0,0,0,0,0,0,0,0,0,0
PCMP_H237,0,0,0,0,0,0,0,0,0,0,0,0,0,0,0
PCMP_H182,0,0,0,0,0,0,0,0,0,0,0,1,0,0,0
PCMP_H89,0,0,0,0,0,0,0,0,0,0,0,0,0,0,0
PCMP_H283,0,0,0,0,0,0,0,0,0,0,0,0,0,0,0
PCMP_H438,0,0,0,0,0,0,0,0,0,0,0,0,0,0,0
PCMP_H108,0,0,0,0,0,0,0,0,0,0,0,0,0,0,0
PCMP_H11,0,0,0,0,0,0,0,0,0,0,0,0,0,0,0
PCMP_H135,0,0,0,0,0,0,0,0,0,0,0,0,0,0,0
PCMP_H176,0,0,0,0,0,0,0,0,0,0,0,0,0,0,0
PCMP_H214,0,0,0,0,0,0,0,0,0,0,0,0,0,0,0
PCMP_H277,0,0,0,0,0,0,0,0,0,0,0,0,0,0,0
PCMP_H235,0,0,0,0,0,0,0,0,0,0,0,0,0,0,0
PCMP_H113,0,0,0,0,0,0,0,0,0,0,0,1,0,0,0
PCMP_H267,0,0,0,0,0,0,0,0,0,0,0,1,0,0,0
PCMP_H288,0,0,0,0,0,0,0,0,0,0,0,1,0,0,0
PCMP_H294,0,0,0,0,0,0,0,0,0,0,0,1,0,0,0
PCMP_H332,0,0,0,0,0,0,0,0,0,0,0,1,0,0,0
PCMP_H397,0,0,0,0,0,0,0,0,0,0,0,1,0,0,0
PCMP_H355,0,0,0,0,0,0,0,0,0,0,0,1,0,0,0
PCMP_H458,0,0,0,0,0,0,0,0,0,0,0,1,0,0,0
PCMP_H351,0,0,0,0,0,0,0,0,0,0,0,1,0,0,0
PCMP_H329,0,0,0,0,0,0,0,0,0,0,0,1,0,0,0
PCMP_H302,0,0,0,0,0,0,0,0,0,0,0,1,0,0,0
PCMP_H83,0,0,0,0,0,0,0,0,0,0,0,1,0,0,0
PCMP_H338,0,0,0,0,0,0,0,0,0,0,0,1,0,0,0
PCMP_H86,0,0,0,0,0,0,0,0,0,0,0,1,0,0,0
PCMP_H197,0,0,0,0,0,0,0,0,0,0,0,0,0,0,0
PCMP_H240,0,0,0,0,0,0,0,0,0,0,0,0,0,0,0
PCMP_H272,0,0,0,0,0,0,0,0,0,0,0,0,0,0,0
PCMP_H319,0,0,0,0,0,0,0,0,0,0,0,0,0,0,0
PCMP_H340,0,0,0,0,0,0,0,0,0,0,0,0,0,0,0
PCMP_H280,0,0,0,0,0,0,0,0,0,0,0,0,0,0,0
PCMP_H389,0,0,0,0,0,0,0,0,0,0,0,0,0,0,0
PCMP_H421,0,0,0,0,0,0,0,0,0,0,0,0,0,0,0
PCMP_H468,0,0,0,0,0,0,0,0,0,0,0,0,0,0,0
PCMP_H216,0,0,0,0,0,0,0,0,0,0,0,0,0,0,0
PCMP_H393,0,0,0,0,0,0,0,0,0,0,0,0,0,0,0
PCMP_H204,0,0,0,0,0,0,0,0,0,0,0,0,0,0,0
PCMP_H35,0,0,0,0,0,0,0,0,0,0,0,0,0,0,0
PCMP_H179,0,0,0,0,0,0,0,1,0,0,0,0,1,0,0
PCMP_H439,0,0,0,0,0,0,0,0,0,0,0,0,0,0,0
PCMP_H202,0,0,0,0,0,0,0,0,0,0,0,0,0,0,0
PCMP_H284,0,0,0,0,0,0,0,0,0,0,0,0,0,0,0
PCMP_H41,0,0,0,0,0,0,0,0,0,0,0,0,0,0,0
PCMP_H42,0,1,0,0,0,0,0,0,0,0,0,0,0,0,0
PCMP_H99,0,0,0,0,0,0,0,0,0,0,0,0,0,0,0
PCMP_H268,0,0,0,0,0,0,0,0,0,0,0,0,0,0,0
PCMP_H371,0,0,0,0,0,0,0,0,0,0,0,0,0,0,0
PCMP_H474,0,0,0,0,0,0,0,0,0,0,0,1,0,0,0
PCMP_H209,0,0,0,0,0,0,0,0,0,0,0,0,0,0,0
PCMP_H290,0,0,0,0,0,0,0,0,0,0,0,0,0,0,0
PCMP_H299,0,0,0,0,0,0,0,0,0,0,0,0,0,0,0
PCMP_H327,0,0,0,0,0,0,0,0,0,0,0,0,0,0,0
PCMP_H354,0,0,0,0,0,0,0,0,0,0,0,0,0,0,0
PCMP_H2,0,0,0,0,0,0,1,0,0,0,0,0,1,0,0
